<?xml version="1.0" encoding="UTF-8"?>
<!DOCTYPE LivreRecettes SYSTEM "recettes.dtd" >
<LivreRecettes Nom="La cuisine de Michel">
	<Recette Nom="Spaghetti bolognaise" Num="r1">
		<Ingredient Qte="400" Unite="ml">Tomates pelées</Ingredient>
		<Ingredient Qte="1">oignon</Ingredient>
		<Ingredient Qte="1">poivron rouge</Ingredient>
		<Ingredient Qte="2" Unite="gousse">ail</Ingredient>
		<Ingredient Qte="5" Unite="tour_de_moulin">poivre</Ingredient>
		<Ingredient Qte="300" Unite="gr">Haché</Ingredient>
		<Ingredient Qte="100" Unite="gr">Lard</Ingredient>
		<Ingredient Qte="250" Unite="gr">spaghetti</Ingredient>
		<Ingredient Qte="200" Unite="gr">fromage rapé</Ingredient>
		<Instruction Num="r1.i1">Cuire le haché et le lard dans une
			casserole</Instruction>
		<Instruction Num="r1.i2">Faire bouillir de l'eau dans un fait-tout</Instruction>
		<Instruction Num="r1.i3">Ajouter l'oignon et le poivron émincés
			dans la casserole de haché</Instruction>
		<Instruction Num="r1.i4">Epicer la sauce avec le poivre et l'ail </Instruction>
		<Instruction Num="r1.i5">Quand l'eau bout, ajouter les spaghettis</Instruction>
		<Instruction Num="r1.i6">Servir les spaghettis couverts d'une
			louche de sauce et parsemer éventuellement de fromage rapé.</Instruction>
	</Recette>
</LivreRecettes>
